binary_accuracy,loss,val_binary_accuracy,val_loss,learning_rate
0.3958209156990051,1.114060401916504,0.4216216206550598,1.2811830043792725,0.00019999999494757503
0.44865673780441284,0.9971136450767517,0.41351351141929626,1.213167667388916,0.00019999999494757503
0.46656715869903564,0.9054756760597229,0.41081079840660095,1.17477285861969,0.00019999999494757503
0.46358203887939453,0.8536478281021118,0.4027027189731598,1.1404595375061035,0.00019999999494757503
0.4811939299106598,0.7534211277961731,0.4540540277957916,1.0961990356445312,0.00019999999494757503
0.5005970001220703,0.6998745203018188,0.47297295928001404,1.0503164529800415,0.00019999999494757503
0.502388060092926,0.6365978717803955,0.47837838530540466,0.9896008372306824,0.00019999999494757503
0.5095522999763489,0.596657395362854,0.4891892075538635,0.949739396572113,0.00019999999494757503
0.5119403600692749,0.5418819189071655,0.5,0.919424295425415,0.00019999999494757503
0.5241791009902954,0.5242577791213989,0.49729734659194946,0.9025907516479492,0.00019999999494757503
0.5194029808044434,0.49291568994522095,0.5054054260253906,0.8843889832496643,0.00019999999494757503
0.5244776010513306,0.4647117555141449,0.49729734659194946,0.8935720324516296,0.00019999999494757503
0.5355224609375,0.43063950538635254,0.5,0.9039285778999329,0.00019999999494757503
0.528059720993042,0.4528658390045166,0.5027027726173401,0.8888143301010132,0.00019999999494757503
0.5361193418502808,0.39002275466918945,0.5081080794334412,0.9082370400428772,9.999999747378752e-05
0.5408955812454224,0.3829578459262848,0.5108108520507812,0.9047639966011047,9.999999747378752e-05
0.5435820817947388,0.37403321266174316,0.5054054260253906,0.8996487259864807,9.999999747378752e-05
0.5426865816116333,0.37879201769828796,0.5,0.9084590077400208,4.999999873689376e-05
0.5465672612190247,0.35196709632873535,0.5054054260253906,0.910947859287262,4.999999873689376e-05
0.5450745820999146,0.3545466959476471,0.5081081390380859,0.9037008285522461,4.999999873689376e-05
0.5417910814285278,0.3547495901584625,0.5108107924461365,0.9165941476821899,2.499999936844688e-05
